actual\predicted,Bacterial Spot,Early Blight,Late Blight,Leaf Mold,Septoria Leaf Spot,Spider Mites,Target Spot,Yellow Leaf Curl Virus,Mosaic Virus,Healthy
Bacterial Spot,402,3,5,1,11,0,3,0,0,0
Early Blight,3,125,27,6,20,5,11,1,0,2
Late Blight,1,4,370,1,3,0,1,0,0,1
Leaf Mold,0,1,5,179,4,0,1,0,0,0
Septoria Leaf Spot,9,1,8,4,321,2,9,0,0,0
Spider Mites,1,0,1,7,5,268,38,0,2,13
Target Spot,2,1,2,2,12,12,225,0,0,24
Yellow Leaf Curl Virus,4,1,0,4,1,7,3,620,1,0
Mosaic Virus,0,0,0,4,8,4,0,0,58,0
Healthy,0,0,0,0,1,2,7,0,0,308
